S.No.,Device,Contact Count,English,,,Device,Contact Count,Coil Count,English
1,X0,6,LOADER ROTATOR INVERTER FAULT,,,Y6F,,1,
2,X1,3,POWDER REM. C/V INV. FAULT,,,Y0E0,1,2,MAIN CUTTING CUTTER DOWN
3,X2,6,LOADER FWD/REV INVERTER FAULT,,,Y0E1,1,2,KEROCINE OIL
4,X3,4,BRUSH ROLR MOTOR OVERLOAD,,,Y0E2,1,2,AXIS#Z SELECTED TO CUTTING PMAC
5,X4,5,CUTTING CNV OVER LOAD,,,Y0E3,1,,SHUTTLE#4 HOME CMD TO PMAC-1
6,X5,7,LOADER ROTATOR OVER LOAD,,,Y0E4,1,2,AXIS#A SELECTED TO CUTTING PMAC
7,X6,4,POWER REM.C/V OVERLOAD,,,Y0E5,1,1,CUTTING AT LOADING
8,X7,5,LOADER FWD/REV OVERLOAD,,,Y0E6,1,2,AXIS#V SELECTED TO CUTTING PMAC
9,X8,2,MPCB SHUTTLE 3,,,Y0E7,1,1,HOME SELECTED AXIS TO PMAC
10,X9,4,TURN TABLE MOTOR OVERLOAD,,,Y0E8,1,1,JOG POSITIVE TO CUTTING PMAC
11,X0A,1,OVERLOAD FOR DRILLING WATER PUMP,,,Y0E9,1,1,JOG NEGATIVE TO CUTTING PMAC
12,X0B,3,CUTTING LUB. MOTOR OVER LOAD,,,Y0EA,1,2,FEED HOLD TO CUTTING PMAC
13,X0C,4,HUDRAULC OVER LOAD,,,Y0EB,1,2,RESET TO CUTTING PMAC
14,X0D,3,CUTTING BLOWER MOTOR OVERLOAD,,,Y0EC,2,1,CUTTING MANUAL START TO CUTT-PMA
15,X0E,2,GRINDING LUB OVER LOAD,,,Y0ED,1,2,CUTTING MANUAL STOP TO CUTT-PMAC
16,X0F,2,SPARE,,,Y0EE,1,,SHUTTLE#4 STOP CMD TO PLC
17,X10,2,GRINDING BLOWER MOTOR OVERLOAD,,,Y0EF,1,1,RESET SERVO WITH FOLLOWING ERROR
18,X11,2,U-AXIS SEL. FROM PUSH BUTTON,,,Y0F0,2,1,AUTO MODE FOR GRINDING
19,X12,2,C-AXIS SEL. FROM PUSH BUTTON,,,Y0F1,2,1,MANUAL MODE FOR GRINDING
20,X13,2,Z1-AXIS SEL. FROM PUSH BUTTON,,,Y0F2,4,2,AUTO START FOR GRINDING
21,X14,2,LEFT SIDE DOOR NEAR STAIR,,,Y0F3,1,1,WATER FLOW NG FOR GRINDING
22,X15,2,JOG+ FROM PB FOR SELECTED AXIS,,,Y0F4,2,1,WASHING M/C STOP RELAY
23,X16,2,JOG- FROM PB FOR SELECTED AXIS,,,Y0F5,1,,R0TAT0R 180 DEG MOVE
24,X17,2,UPPER CLAMP ON FROM PUSH BUTTON,,,Y0F6,1,,SPARE
25,X18,3,PANEL DOOR CLOSE FROM RELAY,,,Y0F7,3,1,GGM BLOWER RUN
26,X19,3,CONTROL ON PUSH BUTTON,,,Y0F8,1,,STEPPER MOVE#2 CMD
27,X1A,3,CONTROL OFF PUSH BUTTON,,,Y0F9,1,,STEPPER MOVE#2 CMD
28,X1B,17,PAUSE KEY SWITCH AT HMI,,,Y0FA,8,2,LOADER SUCK SOL. CMD.
29,X1C,8,VACUUM BYPASS FOR GRINDING-PMAC,,,Y0FB,6,1,LOADER RELEASE SOL. CMD.
30,X1D,2,UPPER CLAMP OFF,,,Y0FC,4,1,LOADER CUPS FRAME FWD TILT SOL.
31,X1E,258,MAIN CONTACTOR ON-C01 NO CONTACT,,,Y0FD,1,,SPARE
32,X1F,4,CONTROL VOLTAGE ON,,,Y0FE,5,1,LOADER CUPS UP AFTER SUCK SOL.Y1
33,X20,1,LOWER CLAMP ON FROM PUSH BUTTON,,,Y0FF,2,1,GLASS UNLOADING CENT.SOV
34,X21,6,TURN TABLE STOP PROXY SWITCH,,,Y100,2,1,CENTERING UP/DOWN SOL. COMMAND
35,X22,1,LOWER CLAMP OFF FROM PUSH BUTTON,,,Y101,1,1,CENTERING PUSH#1 SOL. COMMAND
36,X23,1,DRILLING COOLENTPUMP ON,,,Y102,1,1,CENTERING PUSH#2 SOL. COMMAND
37,X24,1,PANEL TEMP. HIGH,,,Y103,1,1,CUP CLEANING OUTPUT
38,X25,11,LOADER IN REV. POSITION-LIMIT SW,,,Y104,1,1,CENTERING PUSH#3 SOL. CMD
39,X26,6,LOADER IN FWD. POS.#1-PROXY S/W,,,Y105,5,1,CUTTING TABLE UP/DN SOL.
40,X27,6,LOADER IN FWD. POS.#2-PROXY S/W,,,Y106,1,1,UNLOADING PLATFM UP SOL. CMD
41,X28,1,DRILLING COOLENT PUMP OFF,,,Y107,5,1,CUTTING TABLE UNLOCKING SOL.
42,X29,7,LOADER FWD OVER-RUN,,,Y108,2,1,SHUTTLE#1 UP/DOWN SOL. COMMAND
43,X2A,5,LOADER REVERSE OVER-RUN,,,Y109,7,2,SHUTTLE#1 SUCK SOL. COMMAND
44,X2B,12,LOADER ROTATOR FWD PROXY,,,Y10A,1,1,SHUTTLE#1 RELEASE SOL. COMMAND
45,X2C,9,LOADER ROTATOR REV PROXY,,,Y10B,1,1,UNLOADING PLATEFRM ROT. SOL CMD
46,X2D,1,SPARE,,,Y10C,1,,
47,X2E,1,SPARE,,,Y10D,5,2,SHUTTLE#2 SUCK SOL. COMMAND
48,X2F,1,STEPPER DRIVE FAULT FROM SPG8800,,,Y10E,1,1,SHUTTLE#2 RELEASE SOL. COMMAND
49,X30,1,STEPPER DRIVE MOVE#1 OVER,,,Y10F,2,1,UNLOADING PLATFRM DN SOL. CMD
50,X31,1,STEPPER DRIVE MOVE#2 OVER,,,Y110,2,1,OBLIQUE CUTTER DOWN SOL.
51,X32,7,PLATEFORM UP REED SWITCH,,,Y111,1,1,OBLIQUE CUTTER KEROCENE SOL.
52,X33,5,PLATEFORM DOWN REED SWITCH,,,Y112,3,1,BRAKING OFF SOL.
53,X34,8,PLATEFORM ROTATOR ZERO POS. REED,,,Y113,1,,SPINDLE SPEED INCREASE CMD
54,X35,3,UPPER CUPS FRAME REV. POS REED,,,Y114,9,1,GGM SUCK SOL.
55,X36,4,PLATEFORM 90 POS. REED S/W,,,Y115,5,1,GGM RELEASE SOL. COMMAND
56,X37,5,LOADER CUP UP POSITION-REED S/W,,,Y116,2,1,UNLOADER ROTATOR SUCK SOL. CMD
57,X38,15,OBLIQUE X-AXIS HOME PROXY,,,Y117,2,1,UNLOADER ROTATOR RELEASE SOL CMD
58,X39,2,PAUSE OBLIC CUTTING,,,Y118,1,1,CULLET DISP TO TRAY
59,X3A,2,OBLIQUE PRESSURE SWITCH,,,Y119,1,1,MAIN AIR ON/OFF
60,X3B,1,SPARE,,,Y11A,1,1,CULLET TANK TO LIFT SOL. COMMAND
61,X3C,6,PH. S/W AFTER PRE WASHING(CENT.),,,Y11B,1,1,CULLET TANK TO M/C SOL. COMMAND
62,X3D,4,CENTERING IN UP#1 POS.-REED S/W,,,Y11C,2,1,SHUTTLE#2 POS. OK FOR SHTL3
63,X3E,6,CENTERING IN DOWN#1 POS.REED S/W,,,Y11D,3,1,GRINDING OVER TO TO DRI- PLC
64,X3F,4,CENTERING IN UP#2 POS-REED S/W,,,Y11E,1,,OUT PUT FAULTY
65,X40,4,CENTERING IN DOWN#2 POS-REED S/W,,,Y11F,2,1,CUTTING TABLE SUCK CMD
66,X41,6,OBLIQUE BR-OFF DN REED S/W,,,Y120,3,1,SHTL#3 PAD UP/DN SV
67,X42,2,PAUSE KEY AT BACK OF OBLQ,,,Y121,2,1,SUCK SV SHTL#3 PAD
68,X43,7,SHUTTLE#1 AT PARKING-PROXY,,,Y122,2,1,RELEASE SV SHTL#3 PAD
69,X44,4,LOADER VACUUM SWITCH,,,Y123,1,1,SHTL#4 CARIG 1 CYL UP/DN SV
70,X45,5,SHUTTLE#1 VACUUM SWITCH,,,Y124,7,1,SHTL#4 CARIG 1 SUCK SV
71,X46,15,SHUTTLE#1 IN UP POS.-REED S/W,,,Y125,2,1,SHTL#4 CARIG 1 RELEASE SV
72,X47,13,SHUTTLE#1 IN UP POS.-PROXY S/W,,,Y126,4,1,SHTL#5 CARIG  CYL UP/DN SV
73,X48,18,SHUTTLE#1 IN DOWN POS.-REED S/W,,,Y127,9,1,SHTL#5 CARIG  SUCK SV
74,X49,15,SHUTTLE#1 IN REVESE POS.-PROXY,,,Y128,3,1,SHTL#5 CARIG  RELEASE SV
75,X4A,2,GLASS PRESENT AT SHUTTLE#1-PROXY,,,Y129,1,1,DRILG CENTRG 1ST CYL FWD/REV SV
76,X4B,4,CUTT. TABLE LOCK DOWN REED S/W#1,,,Y12A,1,,SHTL#3 JOG- (NO RUN CMND)
77,X4C,4,CUTT. TABLE LOCK DOWN REED S/W#2,,,Y12B,3,1,SHUTTLE#3 AUTO/MANUAL SIGNAL
78,X4D,8,CUTTER MICRO SWITCH#1,,,Y12C,1,,SHTL#3 JOG+/ POSITION RUN COMAND
79,X4E,3,CUTTER MICRO SWITCH#2,,,Y12D,1,1,SHTL#3 SERVO ON
80,X4F,3,CUTTER MICRO SWITCH#3,,,Y12E,1,1,DRILG CENTRG 2ND CYL FWD/REW SV
81,X50,3,CUTTER MICRO SWITCH#4,,,Y12F,1,1,
82,X51,2,DRILL LUB PUMP MPCB,,,Y130,3,1,LOADER ROTATOR FWD CMD.-INV#1
83,X52,17,CUTTING MACHINE CONFIRMATION#1,,,Y131,3,1,LOADER ROTATOR REV CMD.-INV#1
84,X53,17,CUTTING MACHINE CONFIRMATION#2,,,Y132,1,1,LOADER ROTATOR H.SPEED-INV#1
85,X54,2,KEROCENE LEVEL SWITCH,,,Y133,25,1,POWDERING C/V START-INV#2
86,X55,3,CUTTING LUBE SYSTEM LEVEL SWITCH,,,Y134,1,1,PODWERING C/V HIGH SPEED-INV#2
87,X56,3,CUTTING LUBE OIL PR. S/W,,,Y135,3,1,LOADER FORWARD COMMAND-INV.#3
88,X57,2,GLASS SENSOR PROXY AT SHUTTLE#2,,,Y136,3,1,LOADER REVERSE COMMAND-INV.#3
89,X58,3,SHUTTLE#2 VACUUM SWITCH,,,Y137,1,1,LOADER FWD/REV H.SPEED-INV#3
90,X59,13,SHUTTLE#2 IN UP POS.-REED S/W,,,Y138,1,1,SHUTTLE-3 TO WASHING MOVE SELECT
91,X5A,11,SHUTTLE#2 IN UP POS.-PROXY S/W,,,Y139,1,,SHUTTLE-3 GO TO GGM MOVE SELECT
92,X5B,16,SHUTTLE#2 IN DOWN POS.-REED S/W,,,Y13A,1,1,DRILLING UPPER CLAMP CYL ON/OFF
93,X5C,1,SPARE,,,Y13B,1,1,DRILING C-AXIS SUCK SV
94,X5D,11,SHUTTLE#2 AT PARKING POS.-PROXY,,,Y13C,1,1,DRILLING C-AXIS RELEASE SV
95,X5E,2,SHUTTLE#2 SAFE TO SHUTLE#3 LIMIT,,,Y13D,1,,DRILLING SPINDLE FWD
96,X5F,1,SPARE,,,Y13E,1,,DRILING SPNDLE SPEED INC
97,X60,4,VACCUM SW. SHTL#3,,,Y13F,1,,DUMMY HOME DOG FOR C-AXIS
98,X61,10,SHUTTLE-3 CHUK UP RED SW.,,,Y140,1,1,MAIN CONTACTOR ON-C01 COIL
99,X62,13,SHUTTLE -3 UP PROXY,,,Y141,2,1,BRUSH ROLLER CONTACTOR (C-1)
100,X63,8,SHTL#3 PAD DN REED SW,,,Y142,1,,CUTTING CONVEYOR CONTACTOR(C-2)
101,X64,5,CUTTING TABLE UP POS. REED S/W#1,,,Y143,3,1,LOADER ROTATOR CONTACTOR-C3
102,X65,4,CUTTING TABLE UP POS. REED S/W#2,,,Y144,2,1,LOADER ROT BRAKE CONTACTOR-C4
103,X66,4,CUTTING TABLE UP POS. REED S/W#3,,,Y145,2,1,POWDER REM C/V CONTACTOR-C5
104,X67,7,CUTTING TABLE UP POS. REED S/W#4,,,Y146,1,1,POWDER REM C/V BRAKE CONTACT-C6
105,X68,16,SHUTTLE-3 AT GGM POS PROXY,,,Y147,1,1,LOADER FWD/REV CONTACOR-C7
106,X69,1,SHUTTLE-3 AT CENTERING PROXY,,,Y148,1,1,LOADER FWD/REV BRAKE CONTACOR-C8
107,X6A,9,CULLET TANK TO MACHINE-LIMIT,,,Y149,1,1,SHUTTLE-3 INV. CONTCTOR-C9
108,X6B,5,CULLET TANK TO LIFT-LIMIT,,,Y14A,11,1,TURN TABLE CONTACTOR-C10
109,X6C,11,LIFT IN DOWN LIMIT SW,,,Y14B,1,,DRILLING COOLENT PUMP ON CMD
110,X6D,7,LIFT IN UP LIMIT SWITCH,,,Y14C,1,1,STEPPER DRIVE CONTACTOR-C20
111,X6E,3,PUSH FOR BOX CHANGE,,,Y14D,3,1,CUTTING LUBRICATION PUMP(C12)
112,X6F,6,CULLET TRAY TO TANK POS.LIMIT,,,Y14E,1,1,HYDRAULIC LIFT PUMP CONT. - C13
113,X70,2,GRINDING WATER FLOW SWITCH,,,Y14F,1,1,PANEL AC-1 CONTACTOR-C18
114,X71,18,GRINDING AT LOADING-PROXY,,,Y150,1,1,PANEL AC-2 CONTACTOR-C19
115,X72,3,VACUUM SWITCH OUT#2 FOR GRINDING,,,Y151,3,1,CUTTING TABLE BLOWER-C14
116,X73,2,B-AXIS SAFETY FROM SHUTLE#2,,,Y152,1,1,CUTING LUBRICATON PUMP
117,X74,4,SHUTTLE-3 MID&HOME PROXY,,,Y153,1,1,DRILL LUB PUMP CONTACTOR
118,X75,1,SHUTTLE-3 REV OVER RUN,,,Y154,4,1,GGM LUB PUMP ON
119,X76,1,SHUTTLE-3 FWD OVER RUN,,,Y155,1,1,HOOTER
120,X77,3,SHUTTLE-4 LIMIT SWIRCH,,,Y156,1,1,REVOLVING LIGHT
121,X78,1,SHUTTLE#1 READY FROM PMAC,,,Y157,10,1,CUTING C/ V CONTATAR
122,X79,1,SHUTTLE#1 FAULT FROM PMAC,,,Y158,4,1,LIFT UP SV
123,X7A,1,SHUTTLE#1 BUSY FROM PMAC,,,Y159,3,1,LIFT DN SV
124,X7B,1,SHUTTLE#1 ON LIMIT FROM PMAC,,,Y15A,1,,
125,X7C,1,SHUTTLE#1 AT Ist GLASS FROM PMAC,,,Y15B,1,,
126,X7D,1,SHUTTLE#1 AT PARKING FROM PMAC,,,Y15C,1,1,
127,X7E,1,SHUTTLE#1 AT CUTTING FROM PMAC,,,Y15D,1,1,
128,X7F,1,SHUTTLE#2 READY FROM PMAC,,,Y15E,1,1,GGM COOLANT ON
129,X80,1,SHUTTLE#2 FAULT FROM PMAC,,,Y15F,2,1,GGM SPINDLE ON
130,X81,1,SHUTTLE#2 BUSY FROM PMAC,,,Y160,1,1,SHUTTLE #2 CHUCK DOWN S/V
131,X82,1,SHUTTLE#2 ON FWD LIMIT FROM PMAC,,,Y161,1,1,SHTL#3 RLS AT D.CENT->DRILL
132,X83,1,SHUTTLE#2 AT CUTTING FROM PMAC,,,Y162,1,1,SHUTTLE#4 CHUCK#1 SUCK->DRILL
133,X84,1,SHUTTLE#2 AT PARKING FROM PMAC,,,Y163,1,1,AUTO START ANDON LIGHT
134,X85,1,SHUTTLE#2 AT GRINDING FROM PMAC,,,Y164,1,1,SHTL#4 CHUCK#1 RLS-> DRILL
135,X86,1,SHUTTLE#1 IIND GLASS FROM PMAC,,,Y165,1,1,SHTL#4 CHUCK#2 SUCK-> DRILL
136,X87,1,SHUTTLE#4 READY FROM PMAC,,,Y166,1,1,Z2-AXIS BRAKE ON
137,X88,4,OBLIQUE CUTTING X-AXIS FAULT,,,Y167,1,1,STOP ANDON LIGHT
138,X89,4,OBLIQUE X-AXIS ON LIMITS,,,Y168,1,,DRILLING Z2 SERVO ON SIGNAL
139,X8A,4,OBLIQUE CUTTING Y-AXIS FAULT,,,Y169,1,,DRILLING Z2 RESET SIGNAm100
140,X8B,4,OBLIQUE Y-AXIS ON LIMIT,,,Y16A,1,1,MANUAL ANDON LIGHT
141,X8C,14,OBLIQUE  AT LOADING POINT-PMAC,,,Y16B,1,,DRILLING U-AXIS SERVO ON SIGNAL
142,X8D,3,OBLIQUE CUTTING AT CENT. POS.,,,Y16C,1,,DRILLING U-AXIS SERVO RESET
143,X8E,3,OBLIQUE CUTTER DN SOL TO PLC,,,Y16D,1,1,PAUSE ANDON LIGHT
144,X8F,1,SHUTTLE#4 FAULT FROM PMAC,,,Y16E,1,1,ALARM ANDON LIGHT
145,X90,1,SHUTTLE#4 BUSY FROM PMAC,,,Y16F,3,1,SPINDLE LOCK
146,X91,32,CUTTING MACHINE AT LOADING-PMAC,,,Y170,1,,SHUTTLE#1 HOME COMMAND-PMAC
147,X92,13,HANDLING PLC ON FROM VB,,,Y171,1,,SHUTTLE#1 STOP COMMAND-PMAC
148,X93,1,SHUTTLE#4 ON LIMIT FROM PMAC,,,Y172,1,,SHUTTLE#1 JOG FWD COMMAND-PMAC
149,X94,1,SHUTTLE#4 AT CENTERING-PMAC,,,Y173,1,,SHUTTLE#1 JOG REV COMMAND-PMAC
150,X95,2,CUTTING X_LEFT AXIS FAULT-PMAC,,,Y174,1,,SHUTTLE#1 GOTO IST GLASS -PMAC
151,X96,2,CUTTING X_LEFT AXIS ON LIMIT-PMA,,,Y175,1,,SHUTTLE#1 GOTO PARKING -PMAC
152,X97,2,CUTTING X_RIGHT AXIS FAULT-PMAC,,,Y176,1,,SHUTTLE#1 GOTO CUTTING  -PMAC
153,X98,2,CUTTING X_RIGHT AXIS ON LIMIT-PM,,,Y177,1,,SHUTTLE#2 HOME COMMAND-PMAC
154,X99,2,CUTTING Y AXIS FAULT-PMAC,,,Y178,1,,SHUTTLE#2 STOP COMMAND-PMAC
155,X9A,3,CUTTING Y AXIS ON LIMIT-PMAC,,,Y179,1,,SHUTTLE#2 JOG FWD COMMAND-PMAC
156,X9B,2,CUTTING Z AXIS FAULT-PMAC,,,Y17A,1,,SHUTTLE#2 JOG REV COMMAND-PMAC
157,X9C,2,CUTTING Z AXIS ON LIMIT-PM,,,Y17B,1,,SHUTTLE#2 GOTO CUTTING -PMAC
158,X9D,1,SPARE,,,Y17C,1,,SHUTTLE#2 GOTO PARKING -PMAC
159,X9E,2,CUTTING A_LEFT AXIS FAULT-PMAC,,,Y17D,1,,SHUTTLE#2 GOTO GRINDING -PMAC
160,X9F,2,CUTTING A_LEFT AXIS ON LIMIT-PMA,,,Y17E,1,,SHUTTLE#1 GOTO IInD GLASS -PMAC
161,X0A0,2,CUTTING A_RIGHT AXIS FAULT-PMAC,,,Y17F,1,1,SHUTTLE#4  TO CENTERING PMAC-1
162,X0A1,2,CUTTING A_RIGHT AXIS ON LIMIT-PM,,,Y180,1,1,OBLIQUE MACHINE RESET TO PMAC
163,X0A2,2,CUTTING U AXIS FAULT-PMAC,,,Y181,4,1,OBLIQUE MACHINE START TO PMAC
164,X0A3,2,CUTTING U AXIS ON LIMIT-PMAC,,,Y182,1,1,OBLIQUE MACHINE STOP TO PMAC
165,X0A4,2,CUTTING V AXIS FAULT-PMAC,,,Y183,3,1,OBLIQUE CENTERING OVER TO PMAC
166,X0A5,2,CUTTING V AXIS ON LIMIT-PMAC,,,Y184,1,,SHUTTLE#4 TO DRILLING PMAC-1
167,X0A6,2,SHTL-1 SAFE FROM CUTTING- PMAC,,,Y185,1,1,OBLIQUE X-AXIS SELECTYD TO PMAC
168,X0A7,1,SHUTTLE#4 AT DRILLING -PMAC,,,Y186,1,1,OBLIQUE Y-AXIS SELECTYD TO PMAC
169,X0A8,6,MACHINE PROGRAM RUNNING FOR GGM,,,Y187,1,,SHUTTLE#4 GOTO CENTERING-PMAC-1
170,X0A9,12,MACHINE AT LOADING POINT 4 GGM,,,Y188,1,,SHUTTLE#4 GOTO DRILLING -PMAC-1
171,X0AA,8,MACHING GOING TO LOADING 4 GGM,,,Y189,2,1,GRINDING  VACUUM BYPASS
172,X0AB,3,PMAC DOWNLOADING FOR GGM,,,Y18A,2,1,SHTL1 MOV AFTR 2 GLS REL-M2026
173,X0AC,5,U-AXIS FAULT FOR GGM-PMAC0,,,Y18B,2,1,CUTTING MACHINE AUTO MODE-PMAC
174,X0AD,5,U-AXIS ON LIMIT GGM-PMAC0,,,Y18C,3,1,CUTTING MACHINE MANUAL MODE-PMAC
175,X0AE,5,C-AXIS FAULT FOR GGM-PMAC0,,,Y18D,11,1,CUTTING MACHINE AUTO START-PMAC
176,X0AF,6,SPINDLE FAULT FOR GGM-PMAC0,,,Y18E,1,1,CUTTING M/C CUTTER SAFETY-PMAC
177,X0B0,4,UNUSE OLD VACUUM S/W FOR GGM,,,Y18F,1,1,TEST FOR CUTTING SOL. TO PMAC
178,X0B1,2,GRINDING LUB OIL LEVEL LOW,,,Y1B0,,1,PLC READY
179,X0B2,2,GRINDING LUB OIL PRESSURE LOW,,,Y1B1,,1,All axis servo ON
180,X0B3,1,SPARE,,,,,,
181,X0B4,2,DRILLING C-AXIS FAULT SIGNAL,,,,,,
182,X0B5,1,DRILLING C-AXIS BUSY SIGNAL,,,,,,
183,X0B6,2,DRILLING Z1 FAULT SIGNAL,,,,,,
184,X0B7,1,DRILLING Z1 IN POSITION SIGNAL,,,,,,
185,X0B8,2,DRILLING Z2 FAULT SIGNAL,,,,,,
186,X0B9,1,DRILLING Z2 IN POSITION SIGNAL,,,,,,
187,X0BA,2,DRILLING U-AXIS FAULT SIGNAL,,,,,,
188,X0BB,1,DRILLING U-AXIS INPOSTIN SIGNAL,,,,,,
189,X0BC,1,SHUTTLE#3 FAULT SIGNAL,,,,,,
190,X0BD,1,SHUTTLE#3 READY SIGNAL,,,,,,
191,X0BE,1,SHUTTLE#3 INPOSITION SIGNAL,,,,,,
192,X0BF,1,DRILLING C-AXIS THERMAL CONTACT,,,,,,
193,X0C0,3,DRILL CENT READY->CNC8,,,,,,
194,X0C1,4,DRILL CENT OVER-> CNC-8,,,,,,
195,X0C2,4,DRILL T AXIS SUCK OK->CN8,,,,,,
196,X0C3,7,SHTL#4 CARIG-1 CYL UP REED,,,,,,
197,X0C4,11,SHTL#4 CARIG-1 CYL DN REED,,,,,,
198,X0C5,7,SHTL#4 CARIG-1 CYL UP PROXY,,,,,,
199,X0C6,7,SHTL#4 CARIG-1 VACCUM SWITCH,,,,,,
200,X0C7,13,SHTL#4 CARIG-2 CYL UP REED,,,,,,
201,X0C8,14,SHTL#4 CARIG-2 CYL DN REED,,,,,,
202,X0C9,16,SHTL#4 CARIG-2 CYL UP PROXY,,,,,,
203,X0CA,3,SHTL#4 CARIG-2 VACCUM SWITCH,,,,,,
204,X0CB,3,DRILL USE ND MANUAL,,,,,,
205,X0CC,1,DRILL-CENTRG 2ND CYL REW REED,,,,,,
206,X0CD,1,DRILL-CENTRG 1RD CYL REW REED,,,,,,
207,X0CE,1,DRILL-CENTRG CAPICITIVE PROXY,,,,,,
208,X0CF,1,DRILL CLAMPING CYL OPEN REED,,,,,,
209,X0D0,1,DRILL CLAMPING CYL CLOSE REED,,,,,,
210,X0D1,2,DRILL SPINDLE DRIVE FAULT,,,,,,
211,X0D2,2,SPINDLE UP MOTOR MPCB,,,,,,
212,X0D3,2,SPINDLE DN MOTOR MPCB,,,,,,
213,X0D4,2,DRILL MACHINE LOADNG POINT-PROXY,,,,,,
214,X0D5,2,SPINDLE LOCK UNLOCK,,,,,,
215,X0D6,2,SHUTTLE#4 MIDWAY PROXY,,,,,,
216,X0D7,1,DRILLING LUB LEVEL SWITCH,,,,,,
217,X0D8,1,DRILLING C-AXIS VACUUM SWITCH,,,,,,
218,X0D9,7,DRILLING READY-> CNC8,,,,,,
219,X0DA,1,SPARE,,,,,,
220,X0DB,5,GGM VACUUM SWITCH,,,,,,
221,X0DC,1,SPINDLE FAULT,,,,,,
222,X0DD,1,SPARE,,,,,,
223,X0DE,4,SPINDLE FAULT,,,,,,
224,X0DF,1,SPARE,,,,,,
225,X1B0,1,READY,,,,,,
226,X1B1,1,Synchronization flag,,,,,,
227,X0C01,1,,,,,,,
